<?xml version="1.0"?>
<section>
  <name>Settings</name>
  <addto>ROOT</addto>
  <folder>settings</folder>
  <reservedname>SETTINGS</reservedname>
  <icon>./images/icons/icon.png</icon>
  <description>Modify user and site settings..</description>
  <filename>index.php</filename>
  <highlight></highlight>
  <files>
      <file>
        <name>User Settings</name>
        <description>Modify your E-Mail, password and other settings.</description>
        <reservedname>USERSETTINGS</reservedname>
        <filename>user_settings.php</filename>
        <icon>./images/icons/icon.png</icon>
        <addto>SETTINGS</addto>
        <highlight></highlight>
      </file>
      <file>
        <filename>site_settings.php</filename>
        <name>Site Settings</name>
        <description>Modify site settings..</description>
        <reservedname>SITESETTINGS</reservedname>
        <icon>./images/icons/icon.png</icon>
        <addto>SETTINGS</addto>
        <highlight></highlight>
      </file>
  </files>
</section>

